Department,Name,No.,Date/Time,Status,Location ID,ID Number,Workcode,VerifyCode,CardNo
,Zaid,15,11/04/2025 15:27,C/In,1,,0,FP,
,RiqzaWaris,16,11/04/2025 12:16,OverTime In,1,,0,FP,
,Hamza,21,11/04/2025 12:47,C/In,1,,0,FP,
,Umar,23,11/04/2025 12:28,OverTime In,1,,0,FP,
,Monica,40,11/04/2025 12:27,OverTime In,1,,0,FP,
,Tanveel,41,11/04/2025 12:28,OverTime In,1,,0,FP,
,Iqra,43,11/04/2025 13:01,C/In,1,,0,FP,
,Humayoun,45,11/04/2025 12:25,OverTime In,1,,0,FP,
,46,46,11/04/2025 12:25,OverTime In,1,,0,FP,
,47,47,11/04/2025 13:37,C/In,1,,0,FP,
,HashimShah,57,11/04/2025 12:28,OverTime In,1,,0,FP,
,ShamaNiamet,61,11/04/2025 12:21,OverTime In,1,,0,FP,
,Saira,406,11/04/2025 12:06,OverTime In,1,,0,PW,
